{"cameraMode":{"drawMode":0,"name":"Shaded","section":"Shading Mode"},"sceneLighting":true,"audioPlay":false,"sceneViewState":{"showFog":true,"showMaterialUpdate":false,"showSkybox":true,"showFlares":true,"showImageEffects":true,"showParticleSystems":true},"in2DMode":false,"pivot":{"x":1351.0,"y":276.0151672363281,"z":2215.2509765625},"rotation":{"x":-0.04752306640148163,"y":0.9486174583435059,"z":-0.17292353510856629,"w":-0.2606988549232483},"size":2.8578836917877199,"orthographic":false}