{"cameraMode":{"drawMode":0,"name":"Shaded","section":"Shading Mode"},"sceneLighting":false,"audioPlay":false,"sceneViewState":{"showFog":true,"showMaterialUpdate":false,"showSkybox":true,"showFlares":true,"showImageEffects":true,"showParticleSystems":true},"in2DMode":false,"pivot":{"x":-0.46539306640625,"y":7.0599164962768559,"z":827.650146484375},"rotation":{"x":-0.018586575984954835,"y":-0.9730267524719238,"z":0.21382126212120057,"w":-0.08458185940980911},"size":4.636876583099365,"orthographic":false}