{"cameraMode":{"drawMode":0,"name":"Shaded","section":"Shading Mode"},"sceneLighting":true,"audioPlay":false,"sceneViewState":{"showFog":true,"showMaterialUpdate":false,"showSkybox":true,"showFlares":true,"showImageEffects":true,"showParticleSystems":true},"in2DMode":false,"pivot":{"x":471.0,"y":189.8000030517578,"z":376.6000061035156},"rotation":{"x":0.17144893109798432,"y":0.8238023519515991,"z":-0.33028945326805117,"w":0.4276258647441864},"size":44.49215316772461,"orthographic":false}