{"cameraMode":{"drawMode":0,"name":"Shaded","section":"Shading Mode"},"sceneLighting":false,"audioPlay":false,"sceneViewState":{"showFog":true,"showMaterialUpdate":false,"showSkybox":true,"showFlares":true,"showImageEffects":true,"showParticleSystems":true},"in2DMode":false,"pivot":{"x":-2.9802322387695315e-8,"y":0.007012499496340752,"z":-0.0030792132019996645},"rotation":{"x":-0.018586575984954835,"y":-0.9730267524719238,"z":0.21382126212120057,"w":-0.08458185940980911},"size":0.759519636631012,"orthographic":false}